,2008,2009,2010,2011,2012,2013,2014,2015,2016,2017,2018,Total
3 to 5 Preschool ,,,950.0,1675.0,2125.0,3100.0,3500.0,5200.0,3650.0,2875.0,2875.0,25950.0
4 H Tanana District Leaders Council,,,,,575.0,550.0,875.0,1550.0,1822.0,700.0,525.0,6597.0
49 Writers Inc,,,,,,,2125.0,2425.0,2300.0,2500.0,1875.0,11225.0
AAFA Alaska,,,,,950.0,1000.0,1600.0,1250.0,1575.0,600.0,,6975.0
Abbott O Rabbit Little League,,450.0,375.0,1025.0,,800.0,,1175.0,825.0,950.0,575.0,6175.0
ABC Pregnancy Care Center,,,,,,,,5175.0,3500.0,2425.0,3525.0,14625.0
Abused Womens Aid in Crisis Inc AWAIC,,4825.0,21200.0,28375.0,54681.0,57960.0,69001.8,80050.0,68819.0,63171.0,66250.0,514332.8
Academy Charter School,,,,,,1000.0,1350.0,900.0,875.0,550.0,925.0,5600.0
Access Alaska Inc,,,,,,,,,4175.0,,4875.0,9050.0
ACLU of Alaska Foundation,,2300.0,4075.0,6275.0,9153.0,9250.0,10550.0,12625.0,9897.0,31800.0,19025.0,114950.0
ACMHS Anchorage Community Mental Health Services,,75.0,,,4128.0,4075.0,5075.0,5400.0,5997.0,4750.0,,29500.0
Adult Learning Center ALC,,,,,,,2187.42,1900.0,1475.0,1375.0,1175.0,8112.42
Advocates For Victims of Violence Inc,,200.0,,,4803.0,2875.0,1950.0,5525.0,4725.0,2900.0,2875.0,25853.0
AFACT Anchorage Faith and Action Congregations Together,,1250.0,2200.0,3650.0,2975.0,5425.0,3625.0,4075.0,3625.0,2700.0,2475.0,32000.0
AK Child Family,,1725.0,4150.0,8625.0,8528.0,9230.0,9875.0,9825.0,12500.0,10350.0,10275.0,85083.0
Akeela Inc,,,,,,1230.0,,1600.0,1350.0,1025.0,900.0,6105.0
Alaska Academic Decathlon,,,,,,,,,,,1100.0,1100.0
Alaska Animal Advocates,,,,,,,,,,,3375.0,3375.0
Alaska Arts and Culture Foundation,,,300.0,,,900.0,1400.0,,450.0,1425.0,1925.0,6400.0
Alaska Arts Education Consortium,,950.0,875.0,2225.0,2175.0,2075.0,,2900.0,2275.0,2300.0,1975.0,17750.0
Alaska Association For Historic Preservation,,200.0,400.0,425.0,,,,,975.0,975.0,850.0,3825.0
Alaska Association For Infant and Early Childhood Mental Health,,,,,,,,,,2975.0,1975.0,4950.0
Alaska Avalanche Information Center AAIC,,,,,,,,,,,5325.0,5325.0
Alaska Avalanche School,,,,,,,,4725.0,5500.0,4300.0,3875.0,18400.0
Alaska Aviation Heritage Museum,,825.0,1350.0,8450.0,5389.0,,5842.0,7475.0,5533.0,4750.0,4275.0,43889.0
Alaska Baseball Academy Inc,,1325.0,75.0,,125.0,50.0,325.0,250.0,450.0,225.0,,2825.0
Alaska Bible College,,,,,,2275.0,2250.0,3600.0,2350.0,2350.0,2250.0,15075.0
Alaska Botanical Garden,,,,,,,6820.06,8475.0,8597.0,7075.0,5875.0,36842.06
Alaska Boxing Academy ,,,,,,,,,,,,
Alaska Brain Injury Network,,725.0,,,4053.0,,5025.0,4739.4,3847.0,3000.0,2575.0,23964.4
Alaska Branch of the International Dyslexia Association,,,,,,775.0,,925.0,750.0,500.0,500.0,3450.0
Alaska Business Development Center,,,,,,,,,50.0,1025.0,,1075.0
Alaska Cardiovascular Research Foundation INC,,,,,,,,,,,550.0,550.0
Alaska Cat Adoption Team,,,,,,,4000.0,4964.4,5350.0,7175.0,9525.0,31014.4
Alaska Center for Children and Adults   ,,700.0,1950.0,3100.0,4400.0,4675.0,4825.0,6425.0,6100.0,6200.0,4150.0,42525.0
Alaska Center for Collaborative Child Therapy Inc,,,,,,,,,2625.0,1725.0,1625.0,5975.0
Alaska Center for the Blind and Visually Impaired,,1875.0,3050.0,5275.0,7840.0,10350.0,11725.0,11150.0,7722.0,6600.0,6000.0,71587.0
Alaska Center for the Performing Arts,,750.0,1675.0,2750.0,4778.0,3775.0,5400.0,2075.0,5711.0,,3275.0,30189.0
Alaska Chamber Singers,,825.0,1475.0,1775.0,2075.0,1925.0,1900.0,2000.0,1800.0,1825.0,1775.0,17375.0
Alaska Childrens Trust,,1225.0,600.0,1125.0,2550.0,2075.0,,6664.4,5450.0,5025.0,5198.2,29912.6
Alaska Chilkoot Bear Foundation,,,,,,475.0,,300.0,550.0,375.0,400.0,2100.0
Alaska Christian College,,,,,5257.0,7000.0,4650.0,5675.0,6550.0,3300.0,4075.0,36507.0
Alaska Common Ground,,,,,,,,,,,775.0,775.0
Alaska Community Action on Toxics,,,,,,,,3050.0,3800.0,3250.0,3575.0,13675.0
Alaska Correctional Ministries Inc,,,,,,,,,2700.0,1475.0,1975.0,6150.0
Alaska Dog and Puppy Rescue,,17275.0,24475.0,41800.0,58425.0,57260.0,52375.0,60550.0,50054.4,39950.0,36275.0,438439.4
Alaska Engineering Education Foundation,,,,,900.0,1500.0,2125.0,2425.0,2497.0,1025.0,1575.0,12047.0
Alaska Equine Rescue,,,,3675.0,8153.0,10075.0,10700.0,14689.4,10900.0,7945.94,8225.0,74363.34
Alaska Family Services,,225.0,1150.0,2125.0,2500.0,3350.0,3250.0,3875.0,3436.0,2250.0,2600.0,24761.0
Alaska Farmland Trust,,,1100.0,2450.0,1900.0,,3625.0,3600.0,4872.0,6550.0,5825.0,29922.0
Alaska FFA Association,,,,,,,,,950.0,975.0,,1925.0
Alaska Fish and Wildlife Conservation Fund ,,,,,3250.0,,3575.0,6825.0,7350.0,7900.0,6225.0,35125.0
Alaska Fisheries Development Foundation Inc,,,,,,,,,1075.0,850.0,1000.0,2925.0
Bartlett Regional Hospital Foundation,,200.0,100.0,6150.0,1225.0,1550.0,825.0,3125.0,622.0,1700.0,,15497.0
Battle Dawgs,,,,,,,,,,,,
Beacon Hill,,,,,,2275.0,1275.0,,2825.0,3525.0,5125.0,15025.0
Beans Cafe Inc,,19575.0,27975.0,59825.0,94621.0,111288.92,133357.12,142250.0,114427.22,102275.0,85850.0,891444.26
Beckys Place ,,,,,,,,,1475.0,1250.0,1525.0,4250.0
Benefe Equine Assisted Therapy Center,,,275.0,700.0,1300.0,1000.0,1050.0,925.0,825.0,875.0,,6950.0
Bering Sea Womens Group ,,500.0,1575.0,,,,,,1225.0,1225.0,1650.0,6175.0
Bering Straits Foundation,,,,,,,,,,,,
Best Beginnings,,,,,,,,,5275.0,3950.0,3550.0,12775.0
Bethel Baptist Church,,,,,,,,,,,,
Bethel Family Clinic,,,,,,300.0,500.0,925.0,800.0,750.0,1000.0,4275.0
Bethel Friends of Canines,,,,,,,,,,4975.0,5850.0,10825.0
Bethel Search and Rescue,,,,,,,,,,4275.0,5225.0,9500.0
Big Brothers Big Sisters of Alaska,,8025.0,7900.0,19725.0,16553.0,17475.0,18526.8,16600.0,16044.0,12450.0,13125.0,146423.8
Big Lake Library Advocates,,,,,950.0,675.0,825.0,1025.0,1122.0,950.0,1000.0,6547.0
Bike Anchorage,,,,,,2850.0,4375.0,7175.0,8125.0,5775.0,5375.0,33675.0
Birchtree Parents Guild Inc,,,,,,725.0,,450.0,,2300.0,1650.0,5125.0
Birchwood Behavioral Health,,,,1375.0,1850.0,2325.0,3400.0,3750.0,2150.0,1250.0,1000.0,17100.0
Bird Treatment and Learning Center ,,,,,8975.0,12025.0,16500.0,14150.0,14722.0,14000.0,10993.0,91365.0
Blood Bank of Alaska,,2450.0,2175.0,6975.0,6939.0,7675.0,,14200.0,9675.0,6850.0,6025.0,62964.0
Blood N Fire,,,,,1375.0,4425.0,4025.0,6600.0,4425.0,2175.0,1925.0,24950.0
Boys and Girls Club of the Kenai Peninsula,,800.0,7650.0,2500.0,3925.0,3950.0,3875.0,5325.0,4925.0,4375.0,3350.0,40675.0
Boys and Girls Clubs Alaska,,4775.0,3750.0,8325.0,6725.0,8400.0,11350.0,12750.0,11750.0,10325.0,11225.0,89375.0
Brave Heart Volunteers,,2025.0,2700.0,3450.0,4575.0,4350.0,7025.0,6750.0,5125.0,4025.0,4575.0,44600.0
Bread Line Stone Soup,,,,7150.0,7478.0,6625.0,10025.0,13350.0,,9225.0,7975.0,61828.0
Breast Cancer Detection Center of Alaska ,,,4350.0,7075.0,7603.0,7500.0,8300.0,9400.0,7125.0,5025.0,5025.0,61403.0
Bristol Bay Heritage Land Trust,,,,,,,1250.0,1750.0,1375.0,1050.0,1125.0,6550.0
Brother Francis Shelter Kodiak Inc,,,,,,,,,,3075.0,2900.0,5975.0
Bunnell Street Arts Center,,325.0,800.0,1300.0,2150.0,4625.0,3350.0,3825.0,2497.0,3438.35,2950.0,25260.35
Calypso Farm and Ecology Center,,1775.0,2850.0,5700.0,7575.0,6775.0,,,4675.0,2725.0,2150.0,34225.0
Camp Fire Alaska,,1425.0,1625.0,3275.0,5878.0,5250.0,7475.0,6550.0,6400.0,4475.0,4350.0,46703.0
Cancer Connection,,1000.0,3100.0,5225.0,8525.0,7125.0,7125.0,7750.0,6875.0,5075.0,6225.0,58025.0
Carol Brice Center ,,500.0,550.0,925.0,,,,1400.0,950.0,1450.0,525.0,6300.0
Castle Mountain Coalition ,,,,,,,,,1025.0,525.0,750.0,2300.0
Catholic Community Service Inc,,7150.0,10325.0,4600.0,9150.0,8175.0,,17600.0,15300.0,9650.0,10725.0,92675.0
Catholic Schools of Fairbanks,,,,,,,,,6047.0,6225.0,5525.0,17797.0
Catholic Social Services Brother Francis Shelter Clare House,,13875.0,16800.0,31425.0,43939.0,51069.0,75325.0,87900.0,74151.0,62600.0,54075.0,511159.0
CCS Early Learning,,1250.0,2175.0,3100.0,4425.0,4900.0,5400.0,8350.0,5475.0,3875.0,4950.0,43900.0
Center for Alaskan Coastal Studies,,400.0,375.0,1200.0,2803.0,,3150.0,3875.0,,2950.0,2800.0,17553.0
Central Peninsula Health Foundation,,200.0,,2075.0,428.0,650.0,,1950.0,1100.0,775.0,625.0,7803.0
Challenge Alaska,,1600.0,4175.0,6900.0,7575.0,9450.0,10975.0,12700.0,12201.4,9125.0,11075.0,85776.4
Chilkat Valley Community Foundation ACF,,2425.0,2700.0,3150.0,5025.0,4225.0,4025.0,3500.0,3625.0,4625.0,3625.0,36925.0
Chilkat Valley Preschool ,,400.0,375.0,750.0,1100.0,,1150.0,1425.0,1525.0,1300.0,925.0,8950.0
Chinook Montessori Charter School,,,,,,925.0,700.0,925.0,1050.0,500.0,25.0,4125.0
Christian Pilots Association Of Alaska ,,550.0,,,,1200.0,3275.0,3800.0,,550.0,600.0,9975.0
Chugiak Eagle River Historical Society,,,,500.0,450.0,425.0,400.0,750.0,525.0,625.0,700.0,4375.0
Chugiak Eagle River Senior Center,,175.0,1025.0,1900.0,3550.0,2950.0,2875.0,2750.0,2375.0,1650.0,2025.0,21275.0
Chugiak Volunteer Fire and Rescue Company Inc,,,,,,,,,2250.0,1550.0,1425.0,5225.0
Clausen Memorial Museum,,,,200.0,475.0,,,550.0,675.0,925.0,650.0,3475.0
Clear Creek Cat Rescue,,,,,,6416.0,9675.0,11675.0,11675.0,11875.0,12150.0,63466.0
Cold Climate Housing Research Center,,,,,,1200.0,1625.0,1650.0,1125.0,1175.0,1225.0,8000.0
Community Connections ,,5100.0,825.0,,1100.0,1175.0,1600.0,1825.0,1100.0,,525.0,13250.0
CoOccurring Disorders Institute Inc,,,,,,,100.0,,850.0,150.0,400.0,1500.0
Cook Inletkeeper,,3450.0,3275.0,7000.0,9578.0,10200.0,13275.0,15200.0,17822.0,16850.0,18000.0,114650.0
Cooper Landing Community Library,,,,,775.0,950.0,900.0,1325.0,1075.0,1050.0,1000.0,7075.0
Cooper Landing Emergency Services Inc,,,,,1450.0,1750.0,1650.0,2025.0,2025.0,1650.0,1225.0,11775.0
Copper Mountain Foundation,,,,,,,,50.0,50.0,75.0,,175.0
Copper River Hockey Club,,,,,,,1250.0,1500.0,925.0,725.0,650.0,5050.0
Copper River Watershed Project,,600.0,6550.0,,,2675.0,2400.0,,2850.0,1625.0,2800.0,19500.0
Covenant House Alaska,,19800.0,12500.0,33050.0,38229.0,40725.0,,52975.0,41849.0,29375.0,32475.0,300978.0
Crime Victim Compensation Fund,,,,,,,,,,,,
Crisis Pregnancy Center,,4025.0,4225.0,6875.0,11425.0,10625.0,11500.0,11625.0,9029.4,7100.0,5550.0,81979.4
Cross Country Alaska Inc,,,,,,,,,650.0,325.0,375.0,1350.0
Cyranos Theatre,,3050.0,1750.0,3000.0,4000.0,3475.0,,5150.0,4475.0,3400.0,2850.0,31150.0
Delta Library Association,,,,,,,,,600.0,,575.0,1175.0
Denali Arts Council,,1525.0,4675.0,6300.0,2275.0,2100.0,1950.0,3300.0,2200.0,1550.0,1675.0,27550.0
Denali Family Services,,,1725.0,2100.0,1475.0,1125.0,,,,,,6425.0
Discovery Southeast,,675.0,1625.0,4375.0,6300.0,5800.0,5925.0,8000.0,6725.0,4700.0,5525.0,49650.0
Downtown Hope Center,,2725.0,10500.0,9775.0,,14675.0,17225.0,20450.0,17969.0,12625.0,13900.0,119844.0
Doyon Foundation,,,,,5553.0,5705.0,5475.0,5375.48,5375.0,4000.0,3275.0,34758.48
Eagle River Nature Center,,,,,,,5100.0,7800.0,7869.0,6900.0,7450.0,35119.0
Easterseals,,,,,,425.0,,350.0,675.0,,,1450.0
Equine Assisted Therapy Alaska,,,,2500.0,,1825.0,,3925.0,3297.0,2725.0,1175.0,15447.0
Eyak Preservation Council,,,,,,,,,,200.0,275.0,475.0
Facing Foster Care in Alaska,,,,,,5050.0,7450.0,9425.0,,4850.0,7775.0,34550.0
Fairbanks Animal Shelter Fund,,5050.0,10225.0,15325.0,22050.0,24200.0,25839.27,31225.0,29850.0,25550.0,27675.0,216989.27
Fairbanks Arts Association,,,1675.0,,,,,,2147.0,1450.0,1675.0,6947.0
Fairbanks Childrens Museum,,,,,,,,,5772.0,4400.0,4600.0,14772.0
Fairbanks Community Band,,,,,825.0,1300.0,1100.0,1250.0,575.0,400.0,375.0,5825.0
Fairbanks Community Food Bank Service Inc,,10225.0,15975.0,,19956.0,27950.0,25725.0,31600.0,26947.0,23850.0,23275.0,205503.0
Fairbanks Concert Association,,525.0,,,,,,,1000.0,1050.0,750.0,3325.0
Fairbanks Dog Park Inc,,,1500.0,2800.0,2400.0,2550.0,2850.0,2825.0,,1250.0,1150.0,17325.0
Fairbanks Drama Association and Fairbanks Childrens Theatre Inc,,,,,,,,,,1300.0,825.0,2125.0
Fairbanks Library Foundation,,,,,,,6650.0,5750.0,,3175.0,2850.0,18425.0
Fairbanks Rescue Mission Inc,,1375.0,,,13178.0,,13775.0,22925.0,18419.0,15800.0,12450.0,97922.0
Fairbanks Resource Agency,,,,,,,,,,1475.0,2175.0,3650.0
Fairbanks Shakespeare Theatre,,,,,,,,,,,650.0,650.0
Fairbanks Summer Arts Festival,,,,,,,,,1200.0,1350.0,1375.0,3925.0
Fairbanks Symphony Orchestra,,,,,,,,,,550.0,425.0,975.0
Fairbanks Tennis Association,,25.0,75.0,450.0,,550.0,425.0,400.0,450.0,500.0,,2875.0
Family Promise MatSu,,1100.0,1850.0,3675.0,4550.0,,4600.0,4975.0,3525.0,2925.0,3450.0,30650.0
Farthest North Girl Scout Council,,,950.0,1950.0,1625.0,3200.0,1900.0,1550.0,,975.0,1150.0,13300.0
Fellowship In Serving Humanity FISH,,1350.0,2375.0,4500.0,,3750.0,3450.0,5450.0,4375.0,3525.0,4450.0,33225.0
Festival Fairbanks,,,,,,825.0,1300.0,975.0,,175.0,175.0,3450.0
Financial Reality Foundation,,,,,,,,,,,150.0,150.0
First Alaskans Institute,,1025.0,700.0,1000.0,1576.0,1550.0,2125.0,5275.0,2925.0,2900.0,,19076.0
First City Council on Cancer,,1000.0,800.0,1650.0,2475.0,1975.0,1675.0,2125.0,1525.0,1625.0,975.0,15825.0
First City Homeless Services Day Shelter ,,,,,,2200.0,1225.0,3025.0,4025.0,2275.0,2825.0,15575.0
First City Players ,,475.0,,2850.0,3054.0,4125.0,2850.0,,1575.0,1300.0,,16229.0
FOCUS Inc,,,,,,,,,,,,
Food Bank of Alaska,,62275.0,30825.0,55675.0,72089.0,69323.92,94575.0,98350.0,84754.0,65873.88,60525.0,694265.8
Four Valleys Community School Inc,,,875.0,1725.0,2750.0,3200.0,,4250.0,3850.0,3825.0,4275.0,24750.0
Friends of Alaska CASA,,4850.0,2550.0,2950.0,2300.0,3900.0,5350.0,5325.0,4375.0,3325.0,3325.0,38250.0
Friends of Creamers Field,,,,3350.0,3600.0,,6175.0,7325.0,7019.0,5425.0,7975.0,40869.0
Friends of Jensen Olson Arboretum,,,,,,,,1525.0,1775.0,850.0,975.0,5125.0
Friends of Kachemak Bay State Parks,,,,,,,,1225.0,2300.0,1650.0,1850.0,7025.0
Friends of McNeil River,,775.0,1050.0,2025.0,1975.0,,2425.0,2525.0,2475.0,2150.0,2000.0,17400.0
Friends of Pets,,9575.0,,40075.0,53281.0,45625.0,46226.8,54700.0,44500.0,34979.0,34025.0,362986.8
Friends of Sitka National Historical Park,,,,,,,,,,,,
Friends of Sitka Public Library Inc,,,,,,,,,,,,
Friends of the Alaska State Library Archives and Museum,,200.0,,,,975.0,1900.0,1825.0,2075.0,1175.0,1125.0,9275.0
Friends of the Campbell Creek Science Center,,175.0,1075.0,1500.0,2375.0,,3450.0,4200.0,1550.0,1650.0,1675.0,17650.0
Friends of the Chugach National Forest Avalanche Information Center,,,,,,9483.0,12325.0,13700.0,16844.0,19050.0,19600.0,91002.0
Friends of the Haines Borough Public Library,,1350.0,1800.0,2300.0,1750.0,1925.0,2250.0,2725.0,,1600.0,1700.0,17400.0
Friends of the Homer Public Library,,475.0,675.0,1075.0,,975.0,1975.0,2575.0,2850.0,2225.0,2575.0,15400.0
Friends of the Juneau Douglas City Museum,,,,,,,325.0,650.0,675.0,425.0,675.0,2750.0
Friends of the Kenai Community Library,,,175.0,,,,,,1075.0,875.0,1075.0,3200.0
Friends of The Ketchikan Public Library,,,,,,700.0,825.0,875.0,1050.0,800.0,775.0,5025.0
Friends of the Palmer Public Library,,,,1000.0,,1450.0,1375.0,2075.0,2100.0,950.0,1550.0,10500.0
Friends of the Sutton Library,,,,1525.0,,,1150.0,1700.0,2247.0,2025.0,1775.0,10422.0
Friends of the Talkeetna Library,,,,,,4000.0,4100.0,5050.0,3225.0,3325.0,3450.0,23150.0
Friends of the Valdez Animal Shelter,,,,,2625.0,,2025.0,650.0,1700.0,,650.0,7650.0
Friends of Zach Gordon Youth Center Inc,,,,,,1725.0,1650.0,2700.0,,1850.0,1575.0,9500.0
Frontline Mission,,,,,,,1600.0,3553.8,,1624.0,3300.0,10077.8
Georgeson Botanical Garden Society,,,,4600.0,3084.0,4000.0,3350.0,,3450.0,2775.0,2525.0,23784.0
Girdwood  Fine Arts Camp,,225.0,,500.0,,,,,400.0,,1000.0,2125.0
Girdwood Health Clinic Inc,,,,,,,,,1200.0,650.0,1225.0,3075.0
Girdwood Nordic Ski Club,,,,,,,,,1100.0,1650.0,1625.0,4375.0
Girl Scouts of Alaska,,2225.0,2625.0,5500.0,7375.0,,8450.0,12050.0,8547.0,5825.0,6100.0,58697.0
Girls on the Run Southcentral Alaska,,,,,,,,,,,,
Glacier City Radio KEUL,,,,,,,,,2000.0,1600.0,1750.0,5350.0
Golden Heart Christian School,,,,,,,,,,,425.0,425.0
Golden Heart Community Foundation ACF,,,,,,,2300.0,1475.0,1850.0,925.0,600.0,7150.0
Golden Retriever Rescue of Fairbanks,,,,,,3425.0,,3000.0,,2725.0,2600.0,11750.0
Great Alaska Council Boy Scouts of America,,375.0,500.0,,4055.0,6225.0,5300.0,10675.0,9991.0,6700.0,7425.0,51246.0
Great Land Trust,,,,,2200.0,3075.0,5350.0,7950.0,6497.0,6925.0,6150.0,38147.0
Greater Fairbanks Community Hospital Foundation Inc,,1225.0,725.0,1925.0,,,1300.0,,675.0,2100.0,,7950.0
Greater Sitka Legacy Fund ACF,,,,,,,1500.0,1600.0,900.0,775.0,1350.0,6125.0
Green Star of Interior Alaska,,750.0,1300.0,1875.0,1575.0,2225.0,3100.0,3700.0,5197.0,5250.0,3700.0,28672.0
Habitat for Humanity ,,2075.0,9950.0,9250.0,9531.0,10800.0,14650.0,15700.0,10016.0,8543.0,7700.0,98215.0
Habitat For Humanity  MAT SU,,,,,,1875.0,2375.0,2200.0,2400.0,1300.0,1100.0,11250.0
Haines Animal Rescue Kennel  HARK,,1025.0,3750.0,3175.0,2950.0,4025.0,4375.0,4450.0,4225.0,4550.0,5325.0,37850.0
Haven House,,1000.0,1075.0,1450.0,3225.0,1875.0,,5700.0,6675.0,4150.0,6325.0,31475.0
Healing Hand Foundation,,375.0,,600.0,825.0,,,,,850.0,,2650.0
Healthy Futures,,,,,,825.0,2375.0,,1572.0,1800.0,1900.0,8472.0
Heart to Heart Pregnancy Resource Center,,,,,,,,,2150.0,2275.0,1875.0,6300.0
HeartReach Center ,,900.0,1600.0,,2400.0,4200.0,,,3600.0,2150.0,2825.0,17675.0
Help Me Grow Alaska a program of the All Alaska Pediatric Partnership,,,,,,,,,,,,
Helping Hands,,725.0,1225.0,1750.0,2050.0,2475.0,2525.0,2775.0,2000.0,1375.0,1650.0,18550.0
Homer Animal Friends,,,2475.0,2950.0,,3850.0,5825.0,6150.0,5325.0,4450.0,5975.0,37000.0
Homer Council on the Arts,,25.0,450.0,850.0,1250.0,1500.0,1775.0,2250.0,2325.0,1625.0,1350.0,13400.0
Homer Food Pantry,,,2500.0,,4853.0,4725.0,8000.0,7750.0,8022.0,8425.0,,44275.0
Homer Foundation,,900.0,6050.0,4800.0,5151.0,7975.0,11700.0,10725.0,8622.0,6275.0,6975.0,69173.0
Homer Hockey Association ,,,,,,,,,2700.0,1725.0,2425.0,6850.0
Homer Senior Citizens Inc,,250.0,1450.0,1375.0,1650.0,850.0,1275.0,2464.4,2104.4,1568.0,1525.0,14511.8
Homeward Bound Pet Rescue,,,,,4825.0,4400.0,,5125.0,,,2075.0,16425.0
Hope Community Resources,,1100.0,1300.0,5325.0,6304.0,11075.0,11800.0,12600.0,14193.43,10550.0,9025.0,83272.43
Hospice of Anchorage,,2850.0,7675.0,16550.0,20301.0,19775.0,25000.0,24075.0,16645.4,16450.0,11750.0,161071.4
Hospice of Haines,,,1800.0,2200.0,1800.0,2175.0,2425.0,2475.0,3100.0,2025.0,2475.0,20475.0
Hospice of Homer,,1125.0,1775.0,3200.0,5525.0,5150.0,7175.0,8175.0,,6375.0,6975.0,45475.0
Hospice of Kodiak,,,,,,,,,1700.0,900.0,1700.0,4300.0
Hospice of the Central Peninsula ,,600.0,1075.0,2350.0,2875.0,3825.0,4325.0,4775.0,4150.0,3293.0,3400.0,30668.0
HoWL Incorporated,,,,,,,1325.0,1875.0,,400.0,2925.0,6525.0
Humane Society of Kodiak,,1175.0,2900.0,3400.0,8075.0,10530.0,7925.0,9700.0,7822.0,5475.0,6475.0,63477.0
ICC Alaska,,,,,,325.0,475.0,614.4,1025.0,475.0,575.0,3489.4
Identity Inc,,3625.0,2425.0,6025.0,5575.0,7100.0,8675.0,8939.4,9604.4,8450.0,9425.0,69843.8
Iditarod Historic Trail Alliance,,,,,,,,1100.0,675.0,500.0,400.0,2675.0
Iditarod Trail Sled Dog Race,,600.0,,,,,2475.0,1275.0,725.0,1600.0,1425.0,8100.0
Ilisagvik College,,2025.0,2300.0,3575.0,5175.0,4680.0,7450.0,8525.0,7822.0,6375.0,7900.0,55827.0
Independent Living Center or ILC,,,,,,,575.0,850.0,925.0,,700.0,3050.0
Interior Alaska Cancer Association,,,,,,,,,,,1175.0,1175.0
Interior Alaska Center for Non Violent Living,,2050.0,3425.0,5050.0,7050.0,5350.0,7200.0,9650.0,9772.0,8400.0,8425.0,66372.0
Interior Alaska Land Trust,,,,,,925.0,675.0,2800.0,861.0,1675.0,2475.0,9411.0
Irish Dance Academy of Alaska ,,,,,,,,,,800.0,1000.0,1800.0
JDIA Juneau Douglas Ice Association,,,,,550.0,675.0,900.0,1325.0,1400.0,1275.0,1175.0,7300.0
Jessica Stevens Community Foundation ACF,,1725.0,2325.0,4000.0,4025.0,4675.0,4825.0,6150.0,4922.0,4950.0,4350.0,41947.0
Jewish Congregation of Fairbanks,,,,,,,,,,750.0,450.0,1200.0
John Trigg Ester Library,,,,,,,1250.0,1275.0,1300.0,1075.0,1325.0,6225.0
Juneau Alliance for Mental Health Inc,,,,,,,,,1347.0,1075.0,1150.0,3572.0
Juneau Arts and Humanities Council,,,,,,,,,1972.0,1975.0,4125.0,8072.0
Juneau Audubon Society ,,,,,,1225.0,1125.0,775.0,900.0,1050.0,675.0,5750.0
Juneau Community Foundation,,475.0,1175.0,1300.0,2175.0,,,,1900.0,2200.0,,9225.0
Juneau Coop Preschool Inc,,,,625.0,2550.0,1900.0,1750.0,2700.0,3625.0,2475.0,2150.0,17775.0
Juneau Dance Theatre,,,,,,,,,,100.0,25.0,125.0
Juneau Family Health and Birth Center,,1100.0,550.0,2100.0,2200.0,2280.0,1525.0,1850.0,,1100.0,550.0,13255.0
Juneau Raptor Center,,675.0,2600.0,3650.0,2525.0,3175.0,3050.0,4325.0,3800.0,2375.0,3750.0,29925.0
Juneau Ski Club,,,,,,,,,1075.0,1050.0,850.0,2975.0
Juneau Symphony,,875.0,1350.0,2075.0,2303.0,,1275.0,3300.0,2375.0,1475.0,1250.0,16278.0
Juneau Youth Sailing,,,875.0,900.0,1075.0,1150.0,1850.0,1250.0,1250.0,775.0,1025.0,10150.0
Juneau Youth Services Inc,,175.0,,,,,,1025.0,825.0,750.0,1025.0,3800.0
Juneau Youth Wrestling Club,,,,,,,700.0,1300.0,500.0,425.0,250.0,3175.0
Junior Achievement of Alaska,,450.0,725.0,1375.0,,650.0,1700.0,2425.0,2875.0,1500.0,,11700.0
Kachemak Bay Family Planning Clinic,,175.0,,,,,,,3025.0,4150.0,4725.0,12075.0
Kachemak Heritage Land Trust Inc,,,,,,,3325.0,,2825.0,2775.0,2975.0,11900.0
Kawerak Inc,,275.0,675.0,750.0,,650.0,,1425.0,2375.0,525.0,1850.0,8525.0
KBBI Public Radio,,325.0,2150.0,2950.0,3353.0,,5775.0,8300.0,11072.0,8400.0,9875.0,52200.0
KBRW Public Radio,,,,775.0,,,,1725.0,1625.0,2050.0,1675.0,7850.0
KCHU,,300.0,1225.0,800.0,1900.0,2750.0,2925.0,2600.0,3300.0,3175.0,2675.0,21650.0
KDLL 919 FM,,925.0,1600.0,3150.0,4400.0,4700.0,4425.0,5111.0,3950.0,3700.0,4800.0,36761.0
Kenai Peninsula Food Bank,,1975.0,10025.0,9900.0,13375.0,15425.0,19928.6,27775.0,16772.0,14075.0,14775.0,144025.6
Kenai Peninsula Foundation ACF,,25.0,200.0,50.0,678.0,400.0,1100.0,925.0,875.0,475.0,275.0,5003.0
Kenai Performers Inc,,,,,1000.0,800.0,,,,675.0,1050.0,3525.0
Kenai River Foundation,,,,,,,,,300.0,175.0,75.0,550.0
Kenai River Sportfishing Association,,175.0,225.0,1100.0,,898.0,3250.0,2150.0,1900.0,1675.0,2000.0,13373.0
Kenai Watershed Forum,,1025.0,1850.0,2725.0,4028.0,7950.0,8525.0,8425.0,5350.0,4450.0,4300.0,48628.0
Ketchikan Area Arts and Humanities Council,,750.0,1500.0,,,,,,,2250.0,3025.0,7525.0
Ketchikan Community Concert Band Inc,,,,,,,,,450.0,450.0,775.0,1675.0
Ketchikan Community Foundation ACF,,,,,,,1250.0,3200.0,825.0,1450.0,1400.0,8125.0
Ketchikan Humane Society,,,,,,3625.0,3075.0,3900.0,5297.0,3100.0,3775.0,22772.0
Ketchikan Pioneers Home Foundation,,,,,,650.0,2525.0,975.0,825.0,725.0,750.0,6450.0
Ketchikan Volunteer Rescue Squad,,,,,,,,,1575.0,1175.0,1450.0,4200.0
Ketchikan Youth Initiatives,,175.0,150.0,800.0,,475.0,575.0,825.0,525.0,400.0,,3925.0
KFSK Community Radio,,,425.0,950.0,950.0,700.0,1500.0,2975.0,3575.0,3150.0,2875.0,17100.0
KHNS FM,,300.0,700.0,1075.0,1075.0,1825.0,2600.0,2975.0,3175.0,3900.0,2925.0,20550.0
Kids Corps Inc,,,,,,2050.0,3125.0,3050.0,2650.0,2900.0,3775.0,17550.0
Kids Kupboard,,,,,,,,,,,,
Kitty and K9 Connection A New Leash on Life,,7625.0,4725.0,23075.0,11625.0,9906.8,10725.0,13800.0,12197.0,10900.0,11100.0,115678.8
KMXT,,375.0,900.0,1850.0,3028.0,3250.0,3800.0,,4969.0,2650.0,2375.0,23197.0
KNBA FM and Koahnic Broadcast Corporation,,4000.0,4925.0,8600.0,14575.0,17575.0,18350.0,20625.0,18647.0,19025.0,15925.0,142247.0
Kobuk 440 Racing Association INC,,,,,,,,,,,,
Kodiak Arts Council,,,600.0,2125.0,2478.0,2125.0,3675.0,3322.0,3022.0,3025.0,2725.0,23097.0
Kodiak Community Foundation ACF,,,,,,,650.0,1950.0,700.0,675.0,1075.0,5050.0
Kodiak Historical Society,,275.0,750.0,1225.0,2225.0,,,,800.0,850.0,1300.0,7425.0
Kodiak Island Food Bank,,,,,,,,,2025.0,1550.0,1475.0,5050.0
Kodiak Maritime Museum,,950.0,1125.0,2175.0,2628.0,2625.0,3275.0,2950.0,2450.0,2075.0,2175.0,22428.0
Kodiak Public Library Association,,,2125.0,,7334.0,5400.0,3850.0,8150.0,2625.0,2200.0,2175.0,33859.0
Kodiak Womens Resource and Crisis Center,,575.0,1975.0,3175.0,,3175.0,,4900.0,3725.0,2350.0,2375.0,22250.0
Koniag Education Foundation,,275.0,,,,1100.0,1825.0,875.0,1475.0,1225.0,925.0,7700.0
Kootznahoo Fortress Of The Bear,,,,,,,,800.0,725.0,700.0,975.0,3200.0
Kotzebue Broadcasting Inc,,,,,,,2200.0,1775.0,1650.0,900.0,,6525.0
Krazy Kats Cat Rescue Inc,,,,,,,,,,,1750.0,1750.0
KRBD,,,800.0,1225.0,2650.0,1050.0,,2675.0,1950.0,2425.0,4015.63,16790.63
KSTK fm,,725.0,300.0,575.0,675.0,600.0,750.0,775.0,450.0,675.0,775.0,6300.0
KTNA Talkeetna ,,350.0,1450.0,4200.0,2878.0,3280.0,4217.0,5350.0,4672.0,3625.0,3375.0,33397.0
KTOO KRNN KXLL 360 North CoastAlaska ,,1425.0,1975.0,5600.0,6703.0,9000.0,8225.0,12125.0,11151.4,9500.0,8875.0,74579.4
KUAC Friends Group,,,,,,,,,,,,
Kuimarvik YK Delta Lifesavers  ,,,,,,,,,,1225.0,2225.0,3450.0
Kuskokwim Educational Foundation,,,,,,325.0,425.0,1500.0,775.0,700.0,550.0,4275.0
KYUK,,,,,2850.0,3850.0,7850.0,8594.96,6675.0,5475.0,4825.0,40119.96
Let Every Woman Know Alaska ,,,,,,,,,,600.0,2000.0,2600.0
Life Alaska Donor Services,,1275.0,775.0,1625.0,1206.0,,,,1500.0,1475.0,625.0,8481.0
Literacy Council of Alaska Inc,,1550.0,2675.0,,4175.0,,,,4550.0,2625.0,2900.0,18475.0
Little Flower Ministries KQHE ,,,,,,,,,1325.0,1875.0,1000.0,4200.0
Love Alaska Priceless Chosen ,,,,,,,,,,7950.0,5800.0,13750.0
Love In Action,,,1525.0,1475.0,,675.0,1500.0,,1425.0,1075.0,1150.0,8825.0
Love in the Name of Christ of Eagle River,,,,,1400.0,1850.0,1975.0,2975.0,1475.0,1375.0,2125.0,13175.0
Love INC Juneau,,,1850.0,2600.0,3175.0,4725.0,5050.0,7600.0,5408.0,2900.0,,33308.0
Love INC of the Kenai Peninsula,,1000.0,500.0,2350.0,,3000.0,3875.0,4800.0,3825.0,4275.0,4425.0,28050.0
Love INC Tanana Valley,,,4675.0,4750.0,5078.0,5100.0,6225.0,8550.0,5125.0,5625.0,3425.0,48553.0
Loving Companions Animal Rescue Inc,,6175.0,3775.0,4375.0,6501.0,8600.0,10050.0,11425.0,,3950.0,3350.0,58201.0
Lumen Christi High School,,,,,,,,,1825.0,2175.0,2275.0,6275.0
Lutheran Social Services of Alaska,,5300.0,7325.0,14425.0,15784.0,20230.0,18025.0,21050.0,16436.0,14600.0,11875.0,145050.0
Lynn Canal Conservation,,,,1000.0,,,850.0,575.0,600.0,,,3025.0
Mabel T Caverly Senior Center and Services,,325.0,725.0,950.0,1550.0,1425.0,1400.0,1400.0,1375.0,1800.0,1100.0,12050.0
Make A Wish Alaska and Washington,,,5250.0,7900.0,,11825.0,19701.8,19300.0,10875.0,7125.0,7275.0,89251.8
Mat Su Concert Band Inc,,,,,,,,775.0,625.0,725.0,1425.0,3550.0
Mat Su Schools Foundation,,,325.0,525.0,1200.0,,550.0,850.0,,300.0,450.0,4200.0
Mat Su Senior Services,,675.0,2050.0,4500.0,4800.0,5350.0,4775.0,6150.0,6025.0,4075.0,2700.0,41100.0
Mat Su Services for Children and Adults MSSCA,,,1450.0,2200.0,2052.0,3575.0,3575.0,3625.0,2772.0,,,19249.0
Mat Su Ski Club,,,,,,,2700.0,2700.0,3025.0,2600.0,3750.0,14775.0
Mat Su Trails Council Inc,,,,,650.0,825.0,875.0,1150.0,1200.0,1250.0,1050.0,7000.0
Matanuska Valley Sportsmen Inc,,50.0,225.0,575.0,575.0,375.0,925.0,1200.0,700.0,750.0,1100.0,6475.0
MATSAR Search and Rescue,,,,,,,,,1325.0,1450.0,1200.0,3975.0
MatSu Food Bank aka Food Pantry of Wasilla Food4Kids,,,5850.0,3875.0,10851.0,12730.0,16225.0,19050.0,15517.0,11425.0,12035.0,107558.0
Medallion Foundation Inc,,,,,,,1000.0,,500.0,675.0,550.0,2725.0
Midnight Sun Council Boy Scouts of America,,950.0,750.0,2425.0,1625.0,2650.0,4000.0,,3125.0,2575.0,750.0,18850.0
Missionary Aviation Repair Center,,,,,3903.0,1975.0,3125.0,4200.0,2700.0,2375.0,2250.0,20528.0
Mitkof Dance Troupe ,,,,,,,,,,1050.0,1000.0,2050.0
Mojos Hope,,,,,,,,,3675.0,2625.0,2025.0,8325.0
Momentum Dance Collective,,,,,,,,,,,,
Mt Edgecumbe Preschool Inc,,350.0,900.0,1075.0,2025.0,2400.0,2975.0,1850.0,875.0,1125.0,1175.0,14750.0
Muscular Dystrophy Association,,,,,,,,1700.0,1147.0,975.0,1000.0,4822.0
Museum of the Aleutians As,,,300.0,,,,,,,,425.0,725.0
Museums Alaska Incorporated,,,,,,,,,,,,
Music Machine ,,225.0,,,1828.0,1350.0,2550.0,2850.0,1850.0,2250.0,2025.0,14928.0
Musk Ox Farm,,,,,,,,,,825.0,1325.0,2150.0
MYHouse,,,,,,,,18355.0,15944.0,11675.0,11300.0,57274.0
NAMI Alaska,,1150.0,1100.0,2625.0,,1825.0,1150.0,1275.0,1050.0,1150.0,1025.0,12350.0
NAMI Anchorage,,,,,,2150.0,3275.0,4225.0,3725.0,2675.0,2225.0,18275.0
NAMI Fairbanks,,,,1725.0,1375.0,,1275.0,3050.0,1900.0,1700.0,1575.0,12600.0
NAMI Juneau,,,,,,,,,1625.0,1200.0,1325.0,4150.0
NeighborWorks Alaska,,,,,1200.0,1000.0,2125.0,2375.0,2425.0,1350.0,975.0,11450.0
Nenana Public Library,,,,,625.0,1400.0,650.0,,450.0,,675.0,3800.0
New Hope Compassionate Ministries,,,2450.0,,,2500.0,1225.0,,1954.4,3400.0,1600.0,13129.4
Nikiski Senior Citizens Inc,,,,,,,,825.0,325.0,,575.0,1725.0
Nine Star Education Employment Services,,450.0,575.0,875.0,625.0,,1625.0,1700.0,1650.0,575.0,675.0,8750.0
Ninilchik Community Library,,500.0,950.0,825.0,1175.0,1250.0,1000.0,1200.0,1300.0,1250.0,1175.0,10625.0
Ninilchik Emergency Services,,,,,,,,,1650.0,1525.0,1025.0,4200.0
Nome Community Center Inc,,1675.0,,,,,,2025.0,1975.0,2150.0,1325.0,9150.0
Nome Emergency Shelter Team NEST,,,,,,,,,1375.0,1650.0,2225.0,5250.0
Nome Preschool Association Inc,,275.0,675.0,1975.0,,,,1300.0,925.0,550.0,550.0,6250.0
Nordic Skiing Association of Anchorage,,,,,,,,,5122.0,8050.0,7625.0,20797.0
North Star Ballet,,,,,,,,,1850.0,2200.0,2250.0,6300.0
North Star Community Foundation,,,,,,,,625.0,900.0,700.0,725.0,2950.0
North Star Youth Court,,775.0,1175.0,2100.0,2003.0,2125.0,2325.0,,725.0,525.0,775.0,12528.0
Northern Alaska Environmental Center,,,,,,,,,3397.0,3475.0,2225.0,9097.0
Northern Susitna Institute,,,,,1325.0,2275.0,2350.0,1575.0,900.0,1025.0,850.0,10300.0
Nugens Ranch,,1175.0,800.0,2625.0,1675.0,2625.0,3200.0,2800.0,2725.0,2600.0,1125.0,21350.0
Ocean View PTA,,,,,,,2375.0,1350.0,900.0,475.0,900.0,6000.0
Off the Chain BIcycle Education Corporation,,,,,,,3225.0,2375.0,2175.0,1800.0,2050.0,11625.0
Opera Fairbanks,,400.0,,1100.0,1725.0,1800.0,1775.0,1800.0,1269.0,1150.0,725.0,11744.0
Orpheus Project Opera to Go,,,275.0,150.0,,425.0,500.0,775.0,,375.0,525.0,3025.0
Out North,,1650.0,3975.0,10400.0,7184.0,4950.0,2200.0,,922.0,,,31281.0
Pacific Northern Academy,,25.0,,,,800.0,,2450.0,925.0,800.0,300.0,5300.0
Palmer Arts Council,,,,,925.0,1625.0,1475.0,1150.0,1250.0,550.0,,6975.0
Palmer Community Foundation ACF,,,,,,,,,,,,
Palmer Little League,,,,,,,,,,,,
Parachutes Teen Club and Resource Center,,,3475.0,4300.0,5353.0,7763.0,8200.0,8825.0,6200.0,4975.0,5275.0,54366.0
Partners for Progress,,,,,,,,,,,275.0,275.0
Partners for Progress in Delta Inc,,,,,,,,,,,,
Peace Officer and Firefighter Survivors Fund,,,,,,,,,,,,
Peninsula Spay Neuter Fund,,,,,,,,,2575.0,1525.0,2050.0,6150.0
Perseverance Theatre,,1525.0,2300.0,5075.0,5775.0,6475.0,5675.0,9175.0,8350.0,6225.0,7175.0,57750.0
Pet Pride of Alaska Inc,,,,,,,,,,2550.0,3100.0,5650.0
Petersburg Community Foundation ACF,,2100.0,1775.0,2550.0,4081.0,4100.0,3825.0,4975.0,4350.0,3925.0,3900.0,35581.0
Petersburg Humane Association Inc,,,,,,775.0,2075.0,2900.0,2350.0,1475.0,1475.0,11050.0
Petersburg Mental Health Services Inc,,,650.0,600.0,950.0,575.0,775.0,1125.0,800.0,600.0,700.0,6775.0
PFLAG Juneau ,,,,,,,,,775.0,775.0,575.0,2125.0
PIC,,,,,,1025.0,1250.0,,2825.0,1550.0,2350.0,9000.0
Pier One Theatre,,650.0,550.0,1175.0,1550.0,1050.0,1650.0,1375.0,1550.0,,1275.0,10825.0
PillowsforKidsFoundation,,,,,,875.0,1751.8,975.0,925.0,550.0,800.0,5876.8
Planned Parenthood of the Great Northwest and the Hawaiian Islands,,16725.0,16675.0,35700.0,51640.0,53500.0,57275.0,62500.0,79363.0,122025.0,80629.5,576032.5
Polar Pug Rescue and Friends,,,,,,4750.0,6575.0,9550.0,7150.0,5825.0,5900.0,39750.0
Polaris House,,1175.0,1375.0,,,,,,225.0,450.0,150.0,3375.0
Pratt Museum,,625.0,1450.0,2625.0,2803.0,2125.0,3450.0,3025.0,2197.0,2050.0,1925.0,22275.0
Pride Foundation,,,,,,,,2350.0,2025.0,1575.0,,5950.0
Prince William Sound Science Center,,,,,1225.0,2550.0,2500.0,3600.0,3500.0,2050.0,1950.0,17375.0
Project GRAD Kenai Peninsula,,150.0,275.0,725.0,,,,275.0,450.0,,,1875.0
Providence Alaska Foundation,,1250.0,2450.0,3400.0,7137.0,5225.0,6750.0,8175.0,6969.0,4850.0,6125.0,52331.0
Radio Free Palmer aka Big Cabbage Radio,,,1025.0,1375.0,2575.0,6550.0,4950.0,4725.0,4900.0,5450.0,4800.0,36350.0
Raven Landing,,,,,,1550.0,1775.0,1950.0,872.0,900.0,125.0,7172.0
Raven Radio KCAW CoastAlaska,,,1825.0,2875.0,3800.0,3725.0,4850.0,7250.0,5675.0,5050.0,5325.0,40375.0
Real About Addiction ,,,,,,,,,,,,
Renewable Energy Alaska Project,,,,,4731.0,6300.0,6025.0,6200.0,6350.0,6125.0,5100.0,40831.0
RenewU Ministries,,,,,,,,,,,,
Resurrection Bay Conservation Alliance,,,,550.0,,,1200.0,1175.0,825.0,800.0,675.0,5225.0
Rilke Schule Verein,,,,,,1925.0,3650.0,3700.0,1350.0,1100.0,1650.0,13375.0
Rogers Park PTA,,,,,,,,,,,,
RurAL CAP,,950.0,1275.0,9175.0,3425.0,3550.0,3175.0,3800.0,2697.0,1900.0,1225.0,31172.0
Rural Deltana Volunter Fire Department Inc,,,,,,,,,,,,
Russian Orthodox Sacred Sites in Alaska Inc,,,,,,,,,1675.0,1933.0,1625.0,5233.0
Safe and Fear Free Environment,,500.0,750.0,1975.0,2000.0,,1725.0,3100.0,2872.0,2675.0,2175.0,17772.0
Sealaska Heritage Institute,,400.0,875.0,2225.0,,4550.0,4025.0,3200.0,1700.0,3200.0,3900.0,24075.0
SeaView Community Services,,200.0,950.0,1150.0,1025.0,675.0,,1350.0,500.0,450.0,775.0,7075.0
Seldovia Public Library,,,,,,,,,550.0,600.0,575.0,1725.0
Senior Citizens of Kodiak Inc,,225.0,225.0,1375.0,,1775.0,1875.0,2325.0,3300.0,2025.0,1400.0,14525.0
Set Free Alaska Inc,,,,,,,,,,575.0,1050.0,1625.0
Seward Community Foundation ACF,,1150.0,750.0,4300.0,3300.0,4275.0,5625.0,6575.0,5350.0,3950.0,3950.0,39225.0
Seward He Will Provide Food Pantry,,,,,2000.0,2275.0,3475.0,,3825.0,2150.0,3150.0,16875.0
Seward Senior Center,,25.0,1175.0,2075.0,,,,,800.0,1600.0,1025.0,6700.0
Shiloh Community Development Inc,,,200.0,,,200.0,1175.0,1575.0,1525.0,850.0,900.0,6425.0
Shoot For The Cure,,,,,,,,,,1100.0,700.0,1800.0
Singletrack Advocates,,,,,,,,,5525.0,6600.0,8550.0,20675.0
Sitka Cancer Survivors Society Inc,,,,,,,375.0,1375.0,825.0,,400.0,2975.0
Sitka Historical Society Inc,,550.0,1075.0,1400.0,1525.0,1400.0,800.0,,950.0,775.0,,8475.0
Sitka Local Foods Network,,,,,,,2650.0,3175.0,2800.0,,1175.0,9800.0
Sitka Maritime Heritage Society Inc,,,350.0,1025.0,1578.0,1525.0,1625.0,2175.0,1125.0,,1275.0,10678.0
Sitka Sound Science Center ,,,,,,,,,3250.0,2750.0,3225.0,9225.0
Sitka Summer Music Festival Inc,,1925.0,1700.0,2900.0,1950.0,,3300.0,4050.0,2725.0,2725.0,2425.0,23700.0
Sitka Trail Works Inc,,,,2425.0,,2925.0,,,,2725.0,3250.0,11325.0
Sitkans Against Family Violence,,1825.0,,,,,,4150.0,3750.0,4275.0,4950.0,18950.0
Sled Dog Sanctuary,,,,,,,,,2200.0,1900.0,,4100.0
Sobermiut Inc,,,,,,,,,,150.0,175.0,325.0
Soldotna Library Friends,,,,,,1050.0,1000.0,1700.0,1275.0,1025.0,875.0,6925.0
SOS Pets ,,,,,,2625.0,2875.0,3725.0,3175.0,3375.0,4200.0,19975.0
South Peninsula Hospital Foundation Inc,,,,,,,,,,150.0,,150.0
Southeast Alaska Conservation Council,,,2375.0,,4653.0,4775.0,4250.0,6400.0,3175.0,3750.0,3875.0,33253.0
Southeast Alaska Foodbank,,,,,,,,,,3050.0,3150.0,6200.0
Southeast Alaska Independent Living SAIL,,1400.0,2350.0,4625.0,6153.0,7675.0,10375.0,11925.0,10800.0,9450.0,12750.0,77503.0
Southeast Alaska Land Trust,,,,,,,,,1325.0,750.0,950.0,3025.0
Southeast Alaska Organization for Animals,,,,,,,,,,2950.0,,2950.0
Southeast Alaska State Fair,,,,,,,,,,400.0,275.0,675.0
Special Olympics Alaska Inc,,4975.0,5850.0,10000.0,12800.0,12925.0,18725.0,19625.0,18269.0,14600.0,15975.0,133744.0
Spirit of Youth,,1025.0,625.0,1900.0,1325.0,1800.0,2325.0,2975.0,2150.0,1225.0,1375.0,16725.0
SPROUT,,100.0,500.0,1025.0,1575.0,,1600.0,2475.0,3722.0,3300.0,4075.0,18372.0
St Frances Animal Rescue,,,,,,,,,872.0,,,872.0
St Marys Catholic School,,,,,,,,,,,1425.0,1425.0
Standing Together Against Rape STAR,,5075.0,5025.0,8750.0,11284.0,14630.0,16975.0,14961.0,17322.0,13200.0,13027.17,120249.17
Stone Soup Group,,2375.0,5950.0,3800.0,7228.0,7450.0,9850.0,7925.0,10725.0,5355.0,7307.0,67965.0
STOP the Overpopulation of Pets ,,,,,2100.0,1475.0,1900.0,1450.0,800.0,1000.0,675.0,9400.0
Straw For Dogs ,,,,,,,,,8375.0,6975.0,8600.0,23950.0
STRIDE Southcentral Therapeutic Riding,,,,,1401.0,1550.0,1275.0,,825.0,,475.0,5526.0
Sunshine Community Health Center,,50.0,1925.0,2250.0,2425.0,1150.0,,,,425.0,450.0,8675.0
Susitna River Coalition,,,,,,,,,,1725.0,1825.0,3550.0
Takshanuk Watershed Council,,650.0,1225.0,1400.0,1350.0,,,,,550.0,,5175.0
Talkeetna Historical Society,,,,,,,1325.0,1750.0,525.0,,825.0,4425.0
Tanana Valley Sportsmens Foundation Inc,,,,1400.0,1325.0,1575.0,1450.0,2500.0,1850.0,1550.0,2050.0,13700.0
Tanana Valley Watershed Association,,,,425.0,,,,,,225.0,275.0,925.0
TBA Theatre Inc,,1975.0,3175.0,4425.0,5425.0,5300.0,5525.0,7800.0,,4200.0,3125.0,40950.0
The Alaska Bird Club,,,,,,1125.0,775.0,1175.0,975.0,575.0,825.0,5450.0
The Alaska Center for the Book,,,475.0,750.0,800.0,550.0,825.0,825.0,975.0,425.0,625.0,6250.0
The Alaska Community Foundation,,800.0,900.0,2550.0,3475.0,1875.0,4750.0,5850.0,6297.0,3850.0,2750.0,33097.0
The Arc of Anchorage,,1300.0,,3575.0,4925.0,7825.0,9150.0,7725.0,7175.0,,3525.0,45200.0
The Basics,,,,,,,,,775.0,625.0,550.0,1950.0
The Canvas at REACH ,,475.0,800.0,1450.0,1275.0,1775.0,2300.0,4650.0,3475.0,1750.0,1975.0,19925.0
The Childrens Place,,650.0,2525.0,3850.0,5650.0,6025.0,,5700.0,3650.0,4025.0,1975.0,34050.0
The Chugiak Eagle River Food Pantry,,,,,,,,,2372.0,1525.0,2800.0,6697.0
The Cordova Family Resource Center,,50.0,,,,1325.0,975.0,2425.0,2500.0,1550.0,2075.0,10900.0
The Door,,,,,,,,,3650.0,2975.0,3375.0,10000.0
The Folk School,,,,,,,,,1725.0,2025.0,2000.0,5750.0
The Foraker Group,,1125.0,750.0,1800.0,2925.0,2725.0,3750.0,3300.0,2819.0,2000.0,1950.0,23144.0
The Foundation for End of Life Care,,300.0,,,,775.0,2550.0,2800.0,1250.0,2975.0,750.0,11400.0
The Glory Hole Juneau Cooperative Christian Ministry ,,,9250.0,13250.0,16200.0,6500.0,4675.0,,,9175.0,9425.0,68475.0
The Last Frontier Honor Flight Inc,,,,,,,,,,1375.0,1275.0,2650.0
The LeeShore Center,,575.0,1275.0,1325.0,3000.0,2975.0,4200.0,4675.0,4422.0,3125.0,3300.0,28872.0
The Magic Yarn Project ,,,,,,,,,,,,
The Nature Conservancy,,,,,,4300.0,5050.0,5500.0,3919.0,5100.0,4725.0,28594.0
The New JACC,,,,,,,,,,,,
The TEARS Foundation,,,,,,,,,,625.0,950.0,1575.0
The Web,,,,,,,375.0,475.0,400.0,425.0,500.0,2175.0
thread,,775.0,1000.0,2625.0,2175.0,2800.0,4675.0,5975.0,5700.0,4200.0,3475.0,33400.0
Threshold Services Inc,,,,,,,,,,475.0,275.0,750.0
Thrivalaska,,,,,,,,1825.0,1894.0,1150.0,1250.0,6119.0
Togiak Public Library,,,25.0,325.0,1025.0,1200.0,925.0,925.0,1250.0,1550.0,1350.0,8575.0
Tok Community Library,,,650.0,,,500.0,775.0,975.0,1300.0,1000.0,1241.89,6441.89
Trail Mix Inc,,,,,,,,,5150.0,3325.0,4550.0,13025.0
Tri Valley Community Library,,,400.0,1100.0,1300.0,1925.0,825.0,1100.0,925.0,1175.0,1100.0,9850.0
Trustees for Alaska,,,,,,,2400.0,,,4025.0,4225.0,10650.0
Tsalteshi Trail Associations Inc,,,,,,875.0,3300.0,4550.0,4100.0,3850.0,5125.0,21800.0
Tundra Womens Coalition,,1700.0,10075.0,10200.0,15328.0,13700.0,14627.4,16050.0,13947.0,12150.0,14000.0,121777.4
Tyonek Tribal Conservation District,,,,,,,,,,1100.0,1350.0,2450.0
Unalaska Community Broadcasting,,100.0,450.0,725.0,,500.0,700.0,1700.0,1175.0,1525.0,950.0,7825.0
United Way of Anchorage,,5050.0,8900.0,12575.0,14384.0,13475.0,17625.0,16200.0,9947.0,8550.0,9625.0,116331.0
United Way of Mat Su,,600.0,2425.0,4950.0,2450.0,3355.0,2925.0,2525.0,1950.0,1475.0,1350.0,24005.0
United Way of Southeast Alaska,,4375.0,4825.0,5925.0,6528.0,6700.0,8025.0,7275.0,4325.0,2825.0,3125.0,53928.0
United Way of the Tanana Valley,,,2600.0,4000.0,4950.0,5975.0,6225.0,5450.0,4000.0,4600.0,2225.0,40025.0
University of Alaska,,1675.0,1075.0,2700.0,2306.0,3425.0,8850.0,8900.0,3900.0,3775.0,2350.0,38956.0
University of Alaska Anchorage,,3250.0,5400.0,8800.0,8944.0,9830.0,21875.0,9525.0,4622.0,4900.0,3900.0,81046.0
University of Alaska Anchorage Kenai Peninsula College,,100.0,175.0,700.0,2303.0,2150.0,2075.0,1875.0,2550.0,750.0,650.0,13328.0
University of Alaska Anchorage Kodiak College,,,675.0,300.0,100.0,125.0,100.0,225.0,550.0,950.0,275.0,3300.0
University of Alaska Anchorage Matanuska Susitna College,,75.0,325.0,575.0,275.0,225.0,1725.0,5575.0,2319.0,830.41,125.0,12049.41
University of Alaska Fairbanks,,4250.0,2725.0,3400.0,8278.0,9250.0,31300.0,32775.0,17166.0,7175.0,5575.0,121894.0
University of Alaska Fairbanks Bristol Bay Campus,,250.0,200.0,175.0,550.0,450.0,625.0,300.0,275.0,250.0,25.0,3100.0
University of Alaska Fairbanks Community and Technical College,,25.0,450.0,475.0,425.0,275.0,325.0,700.0,750.0,525.0,575.0,4525.0
University of Alaska Fairbanks Kuskokwim Campus,,75.0,225.0,550.0,725.0,475.0,350.0,450.0,475.0,350.0,100.0,3775.0
University of Alaska Southeast,,1100.0,625.0,525.0,625.0,1250.0,3375.0,825.0,900.0,1025.0,725.0,10975.0
University of Alaska Southeast Ketchikan Campus,,,50.0,25.0,125.0,50.0,75.0,100.0,75.0,100.0,25.0,625.0
University of Alaska Southeast Sitka Campus,,100.0,200.0,25.0,153.0,100.0,175.0,25.0,200.0,75.0,100.0,1153.0
USAFV ,,150.0,525.0,900.0,,1150.0,1400.0,1525.0,1650.0,1775.0,2050.0,11125.0
Valdez Museum and Historical Archive,,325.0,525.0,425.0,1375.0,1625.0,1425.0,1375.0,925.0,1325.0,900.0,10225.0
Valley Charities,,,,350.0,550.0,1375.0,1575.0,1550.0,1125.0,500.0,675.0,7700.0
Valley Community for Recycling Solutions,,,,,3325.0,4150.0,4050.0,4800.0,3747.0,3250.0,3175.0,26497.0
Valley Mountain Bikers and Hikers,,,,,1775.0,2100.0,2625.0,3125.0,2647.0,2225.0,2875.0,17372.0
Valley Performing Arts,,,,,,,,,3225.0,3275.0,2425.0,8925.0
Valley Residential Services,,100.0,500.0,725.0,728.0,,525.0,625.0,425.0,525.0,375.0,4528.0
Victims for Justice ,,1100.0,1125.0,2950.0,,2575.0,2625.0,3700.0,2500.0,2650.0,1625.0,20850.0
Viking Swim Club Inc,,,,,,,,,,,,
Volunteers of America Alaska ,,575.0,1150.0,1725.0,3328.0,2650.0,2675.0,5375.0,,1275.0,2275.0,21028.0
Wasilla Area Seniors Inc,,200.0,1950.0,,1900.0,2225.0,3650.0,3150.0,2797.0,2025.0,2875.0,20772.0
Wasilla Homeless Committee,,,,,,,,,,,,
WAVE,,,,1200.0,,850.0,1075.0,1225.0,1450.0,1875.0,2050.0,9725.0
Wellness Works Inc,,,,,,,,,200.0,325.0,375.0,900.0
Willow Library Association,,,,,,1650.0,1400.0,2300.0,2425.0,1325.0,1475.0,10575.0
Winterberry Parent Guild Inc,,,,,,,,,2075.0,1350.0,1100.0,4525.0
Women In Safe Homes,,975.0,3075.0,3775.0,5300.0,5025.0,4200.0,3975.0,,2375.0,2200.0,30900.0
World Eskimo Indian Olympics,,,2675.0,1900.0,1126.0,,1375.0,1450.0,1525.0,1550.0,1100.0,12701.0
Wrangell Institute for Science and Environment ,,525.0,1200.0,2200.0,2650.0,2225.0,3300.0,4000.0,1775.0,2375.0,2625.0,22875.0
Wrangell Mountains Center,,,1875.0,2775.0,4206.0,3025.0,3125.0,3400.0,3250.0,3025.0,2800.0,27481.0
Young Life Alaska,,1625.0,2200.0,3325.0,3650.0,3450.0,,4125.0,3000.0,2950.0,2650.0,26975.0
Yukon River Drainage Fisheries Association,,,25.0,1150.0,,325.0,525.0,,,125.0,,2150.0
Yukon River Inter Tribal Watershed Council,,300.0,,425.0,,575.0,,,,600.0,,1900.0
Yuut Elitnaurviat Peoples Learning Center Inc,,50.0,,,,875.0,600.0,2275.0,1125.0,675.0,850.0,6450.0
YWCA Alaska,,1200.0,1125.0,2275.0,2800.0,,3775.0,3575.0,2647.0,2425.0,1150.0,20972.0
Alaska Folk Festival Inc,,,,,,,3775.0,,,1600.0,2150.0,7525.0
Alaska Freedom Journey,,,,,,,450.0,1200.0,1300.0,1725.0,1325.0,6000.0
Alaska Geographic ,,,,,2953.0,2575.0,2975.0,3325.0,2150.0,1750.0,1625.0,17353.0
Alaska Health Fair Inc,,800.0,725.0,1525.0,1775.0,1625.0,2000.0,3500.0,2675.0,1875.0,2100.0,18600.0
Alaska Hemophilia Association,,,,,,,,1300.0,2650.0,1375.0,1975.0,7300.0
Alaska Historical Society,,375.0,750.0,1350.0,,825.0,1000.0,1550.0,1800.0,1450.0,1350.0,10450.0
Alaska Humane Society Adopt a Cat,,2925.0,9450.0,13525.0,,19500.0,23650.0,23279.68,16175.0,13125.0,13375.0,135004.68
Alaska Humanities Forum,,700.0,750.0,1250.0,,2000.0,2125.0,1900.0,2350.0,3050.0,2325.0,16450.0
Alaska Huts Association,,1125.0,,2000.0,3253.0,3925.0,5000.0,5175.0,4800.0,4425.0,3100.0,32803.0
Alaska Injury Prevention Center,,,,,,,,,,150.0,525.0,675.0
Alaska Innocence Project,,,1900.0,3700.0,4803.0,6475.0,10175.0,13775.0,13097.0,10850.0,12075.0,76850.0
Alaska Institute for Justice,,,1800.0,2825.0,3450.0,3350.0,4350.0,4175.0,2550.0,4325.0,3275.0,30100.0
Alaska Junior Theater,,300.0,625.0,1025.0,2025.0,,1775.0,3150.0,2700.0,2525.0,1650.0,15775.0
Alaska Kidney Patients Association,,,,,,,1475.0,2200.0,2475.0,1551.13,1425.0,9126.13
Alaska Legal Services Corporation,,1450.0,1575.0,2225.0,3275.0,2850.0,4800.0,6750.0,6950.0,5550.0,5900.0,41325.0
Alaska Literacy Program,,900.0,2600.0,3650.0,4203.0,5525.0,6125.0,7000.0,,5800.0,5225.0,41028.0
Alaska Marine Conservation Council,,,,3975.0,4225.0,3725.0,6275.0,7950.0,5300.0,6975.0,4300.0,42725.0
Alaska Medical Missions CHA,,,,,,,1125.0,1250.0,650.0,925.0,225.0,4175.0
Alaska Mens Run fighting prostate and testicular cancer,,,,,,1575.0,,1875.0,1897.0,1550.0,1625.0,8522.0
Alaska Mining Hall of Fame Foundation,,,,,225.0,500.0,700.0,1150.0,925.0,850.0,675.0,5025.0
Alaska Moravian Church,,,,,,,,,425.0,300.0,700.0,1425.0
Alaska Mountain Rescue Group,,,2175.0,3900.0,5200.0,5400.0,6275.0,8775.0,7825.0,6125.0,5225.0,50900.0
Alaska Moving Image Preservation Association AMIPA,,325.0,250.0,,625.0,525.0,525.0,700.0,800.0,800.0,900.0,5450.0
Alaska MS Center,,1525.0,,2325.0,4450.0,5925.0,6075.0,8025.0,6400.0,4725.0,3875.0,43325.0
Alaska Museum of Science and Nature,,775.0,1000.0,2875.0,,1950.0,2775.0,3400.0,2850.0,,1700.0,17325.0
Alaska Native Heritage Center,,1975.0,2350.0,3450.0,6162.0,5650.0,7800.0,9725.0,9294.0,4525.0,6825.0,57756.0
Alaska Native Justice Center,,1000.0,625.0,725.0,1950.0,1875.0,,,1350.0,1350.0,2600.0,11475.0
Alaska Network on Domestic Violence and Sexual Assault,,3000.0,1900.0,3075.0,3175.0,3416.0,4975.0,6800.0,7775.0,6075.0,5075.0,45266.0
Alaska Pacific University,,700.0,1425.0,1725.0,8662.0,12500.0,13400.0,19575.0,3797.0,1875.0,1525.0,65184.0
Alaska Peace Officers Association,,,,,,,,,1750.0,2000.0,2700.0,6450.0
Alaska Police and Fire Chaplains Ministry,,1350.0,,,,,,2325.0,2300.0,1700.0,2675.0,10350.0
Alaska Public Health Association,,,,,,875.0,700.0,975.0,400.0,500.0,500.0,3950.0
Alaska Public Interest Research Group,,1375.0,575.0,,,,,,,325.0,,2275.0
Alaska Public Media KSKA KAKM ,,20425.0,48125.0,73425.0,94121.0,106425.0,123289.97,127950.0,109298.0,123727.0,106225.0,933010.97
Alaska Rural Veterinary Outreach Inc,,,,,,,,,6622.0,8282.0,8418.0,23322.0
Alaska SeaLife Center,,,,11425.0,11328.0,17300.0,16800.0,23600.0,23066.0,18475.0,22700.0,144694.0
Alaska Search and Rescue Dogs,,,,4600.0,5453.0,6200.0,9025.0,12225.0,7922.0,7075.0,7050.0,59550.0
Alaska Songbird Institute,,,,,,,,,,2175.0,2225.0,4400.0
Alaska SPCA,,,,,,23955.0,32600.0,45150.0,46676.0,42750.0,43400.0,234531.0
Alaska State Troopers Law Enforcement Museum,,,,,,,475.0,1450.0,1425.0,,,3350.0
Alaska String Camps Inc,,,,,450.0,1200.0,,1550.0,1525.0,1650.0,875.0,7250.0
Alaska Theatre of Youth,,950.0,1150.0,2025.0,2675.0,1900.0,2175.0,1800.0,1775.0,1125.0,,15575.0
Alaska Trails,,2900.0,1600.0,4850.0,,,5200.0,6300.0,5344.0,4950.0,7825.0,38969.0
Alaska Veterans Museum,,,,1125.0,2000.0,2480.0,3325.0,5875.0,4275.0,3425.0,3650.0,26155.0
Alaska WildBird Rehabilitation Center,,,,,,4100.0,4925.0,5850.0,6022.0,5025.0,5650.0,31572.0
Alaska Wildlife Alliance,,,2200.0,,2025.0,2975.0,2925.0,2825.0,2797.0,2850.0,1850.0,20447.0
Alaska Wildlife Conservation Center,,,3850.0,6225.0,6853.0,8225.0,9675.0,11525.0,,9650.0,10225.0,66228.0
Alaska Youth and Family Network,,500.0,2475.0,725.0,825.0,550.0,975.0,1250.0,1022.0,1475.0,1214.61,11011.61
Alaska Youth Soccer,,,,,,,,,1400.0,,775.0,2175.0
Alaska Zoo,,4525.0,4850.0,10525.0,15801.0,14750.0,19350.0,33075.0,28979.4,20850.0,20225.0,172930.4
Alaskan AIDS Assistance Association Four As,,3775.0,4275.0,9225.0,9532.0,9230.0,10250.0,9250.0,10025.0,7950.0,8000.0,81512.0
Alaskan Aviation Safety Foundation,,,,,,1575.0,1200.0,1725.0,1672.0,800.0,900.0,7872.0
Alaskans For Life Inc,,,,,1577.0,750.0,825.0,2975.0,1450.0,800.0,1300.0,9677.0
Alaskas Extended Life Animal Sanctuary,,,,,,,3700.0,8525.0,6675.0,3850.0,4250.0,27000.0
Alaskas Healing Hearts,,,,,,,,,,900.0,875.0,1775.0
Aleut Foundation,,975.0,,1775.0,,1500.0,,,1150.0,1175.0,1825.0,8400.0
Alutiiq Museum and Archaeological Repository,,300.0,1425.0,2475.0,3450.0,4750.0,3300.0,3675.0,3000.0,2975.0,2575.0,27925.0
Alyeska Mighty Mites Ski Racing Program Inc,,,,,,1575.0,,1100.0,775.0,2250.0,525.0,6225.0
Alzheimers Resource of Alaska,,10150.0,3375.0,10200.0,16481.0,16825.0,18525.0,24200.0,22272.0,16575.0,16450.0,155053.0
American Diabetes Association Alaska Area,,1950.0,2175.0,6550.0,6728.0,5900.0,6575.0,8475.0,6050.0,4800.0,4125.0,53328.0
American Foundation for Suicide Prevention,,,,,,800.0,2150.0,5225.0,4575.0,2250.0,3225.0,18225.0
American Heart Association,,,,,3186.0,3450.0,3925.0,6125.0,5225.0,4300.0,3125.0,29336.0
American Lung Association in Alaska,,,,,1278.0,2225.0,2150.0,3150.0,1825.0,1500.0,1650.0,13778.0
American Red Cross of Alaska,,16750.0,17075.0,30675.0,33037.0,39230.0,33450.0,36525.0,34170.58,28500.0,27400.0,296812.58
Anchor Lutheran School,,,,,,,,,1425.0,1075.0,600.0,3100.0
Anchor Point Public Library,,,,,1750.0,1225.0,2100.0,2325.0,1875.0,1350.0,1250.0,11875.0
Anchorage Association of Women Lawyers,,,,,,,,,,,,
Anchorage Audubon Society,,,,,,1375.0,1275.0,1375.0,1275.0,1150.0,1400.0,7850.0
Anchorage Civic Orchestra,,,,,,,,,1150.0,825.0,425.0,2400.0
Anchorage Classical Ballet Academy,,25.0,250.0,550.0,,,,,425.0,275.0,125.0,1650.0
Anchorage Coalition to End Homelessness,,,,,,,,,4747.0,3475.0,3775.0,11997.0
Anchorage Community Concert Band,,,375.0,300.0,600.0,1475.0,975.0,2250.0,1725.0,1650.0,1450.0,10800.0
Anchorage Community Theatre,,850.0,1400.0,2525.0,4131.0,4525.0,7050.0,7450.0,5247.0,3750.0,4475.0,41403.0
ANCHORAGE COMMUNITY YMCA,,175.0,650.0,,1350.0,,1625.0,3325.0,2000.0,2025.0,1450.0,12600.0
Anchorage Concert Association,,1500.0,2600.0,3050.0,3350.0,2825.0,5075.0,7975.0,5594.0,4650.0,3800.0,40419.0
Anchorage Concert Chorus,,1675.0,,2775.0,5650.0,,5875.0,,2347.0,3300.0,1625.0,23247.0
Anchorage Curling Foundation,,,,,,,,,,,,
Anchorage Fairs and Festivals,,,,,,,,,,625.0,200.0,825.0
Anchorage Folk Festival ,,325.0,,2000.0,2500.0,3675.0,3300.0,4300.0,4725.0,2425.0,2950.0,26200.0
Anchorage Gospel Rescue Mission,,,,,,,,,6841.0,5500.0,5850.0,18191.0
Anchorage Library Foundation,,850.0,4850.0,7150.0,11053.0,12400.0,18325.0,17900.0,15672.0,12675.0,14800.0,115675.0
Anchorage Montessori School,,1550.0,2225.0,1500.0,1925.0,1375.0,1425.0,1600.0,2225.0,2525.0,2475.0,18825.0
Anchorage Museum,,7225.0,5725.0,4950.0,4275.0,3175.0,4275.0,5900.0,5625.0,5125.0,6000.0,52275.0
Anchorage Neighborhood Health Center Inc,,3500.0,5975.0,7325.0,6600.0,5825.0,6975.0,8561.0,4454.4,3300.0,3100.0,55615.4
Anchorage Opera Company,,,,1125.0,,,2725.0,3925.0,2747.0,2075.0,1825.0,14422.0
Anchorage Park Foundation,,,,,,,5250.0,8564.4,6450.0,7500.0,6100.0,33864.4
Anchorage Project Access CHA,,150.0,475.0,3425.0,4200.0,3750.0,2800.0,3025.0,2350.0,2300.0,1550.0,24025.0
Anchorage School Based Health Centers CHA,,,,,,,775.0,625.0,1275.0,1175.0,1250.0,5100.0
Anchorage Search Team,,,,,600.0,875.0,,,475.0,,,1950.0
Anchorage Senior Activity Center,,550.0,2550.0,1450.0,2225.0,2150.0,2775.0,2875.0,3150.0,2175.0,1675.0,21575.0
Anchorage Ski Club Inc Arctic Valley Ski Area,,,2000.0,3750.0,4100.0,3625.0,5525.0,4925.0,4650.0,4625.0,4550.0,37750.0
Anchorage Symphony Orchestra,,2300.0,,,,,,,2975.0,3725.0,2418.0,11418.0
Anchorage Waterways Council,,,,,,,2325.0,2075.0,2100.0,2150.0,1925.0,10575.0
Anchorage Young Cancer Coalition,,,,,,,,,,1125.0,1375.0,2500.0
Anchorage Youth Court,,1400.0,2650.0,3075.0,3400.0,4475.0,4975.0,,4125.0,2900.0,2775.0,29775.0
APICC,,,,,,,,,,,175.0,175.0
Aquarian Parent Teacher Organization,,,,,,,,2150.0,1925.0,1025.0,625.0,5725.0
Arctic Access,,,,,,425.0,450.0,900.0,475.0,725.0,275.0,3250.0
Arctic Amateur Radio Club,,,,,,,500.0,825.0,475.0,425.0,375.0,2600.0
Arctic Barnabas Ministries,,,,,,,,,1125.0,625.0,525.0,2275.0
Arctic Education Foundation,,,1625.0,,,1400.0,1900.0,2925.0,2925.0,2850.0,,13625.0
Arctic German Shepherd Rescue,,,,,,,,,3025.0,3575.0,3350.0,9950.0
Arctic Orienteering Club Inc,,,,,,,,,,,,
Arctic Resource Center For Suicide Prevention,,,,,,,,,,1525.0,,1525.0
Arctic Slope Community Foundation,,,900.0,1350.0,,2025.0,3050.0,2275.0,1822.0,1750.0,3175.0,16347.0
Assets Inc,,,,725.0,425.0,1450.0,825.0,1850.0,1350.0,1075.0,1425.0,9125.0
Association for the Education of Young Children Southeast Alaska,,,,,1350.0,,1475.0,2000.0,1625.0,1150.0,1200.0,8800.0
Athabascan Fiddlers Association Inc,,,,,,,,,775.0,300.0,525.0,1600.0
Audubon Alaska,,,,,3581.0,3500.0,4000.0,3950.0,3475.0,5000.0,5175.0,28681.0
Aurora Borealis Lions Eyeglass Recycling and Vision Center ,,,,,,350.0,375.0,500.0,,75.0,100.0,1400.0
Awana Alaska,,,,,,2500.0,4850.0,6050.0,4261.0,3100.0,3225.0,23986.0
AWARE ,,3125.0,10575.0,11925.0,17979.0,20850.0,21825.37,30450.0,28091.0,20983.0,22775.0,188578.37
